id,name,created_at,advertisers_entities.id,entities.short_name,countries.name,countries.alpha2,advertisers_platforms.advertiser_platform_ref,advertisers_platforms.advertiser_platform_name,platforms.name
014df431-9bb3-44a2-9b84-a15fcc8a38f9,Duncan Webb Labour MP for Christchurch Central,2023-02-12T10:54:54.135Z,69a97ca7-a416-43d8-a1d2-ee3d9a5fb6c8,Lab,New Zealand,nz,123375421154267,Duncan Webb Labour MP for Christchurch Central,Facebook
05e59a27-580a-4731-a625-6bfb900f2948,Dr Anae Neru Leavasa MP,2023-02-07T15:08:01.897Z,8672dacc-0d9c-42d7-a732-faabd3320755,Lab,New Zealand,nz,110884147007932,Dr Anae Neru Leavasa MP,Facebook
09d0ec48-964b-4385-95fd-a4dec76384bf,Phil Twyford,2023-02-07T15:08:01.878Z,0be2c55b-ad5f-4f5f-993a-345402dc4d36,Lab,New Zealand,nz,182047568518433,Phil Twyford,Facebook
0a90eb21-449b-4b0e-99e9-a5a1fec75f91,Ben Sandford for Rotorua,2023-07-27T05:09:02.228Z,a8d0318f-293d-46d1-b7d3-8f04222505cc,Lab,New Zealand,nz,155039691644959,Ben Sandford for Rotorua,Facebook
16e2e675-c08c-4b82-a938-231d65885b6c,George Hampton,2023-10-11T05:08:27.493Z,7a75e6c9-8209-4eca-9c44-e51ed631175e,Lab,New Zealand,nz,104857215945927,George Hampton,Facebook
1891e360-9d8f-492d-ab33-2bba9e8183be,Ibrahim Omer MP,2023-08-21T05:09:10.359Z,495f8136-c97d-4427-8b94-24933d14e216,Lab,New Zealand,nz,104339444646556,Ibrahim Omer MP,Facebook
21bb7cc8-900d-401f-971b-864741680415,Glen Bennett for New Plymouth,2023-02-07T15:08:01.992Z,8fbb1536-fb60-4768-a507-6f8090808e1e,Lab,New Zealand,nz,109736720527010,Glen Bennett for New Plymouth,Facebook
286f35b0-f3bf-4368-aed8-0d382c23a363,Angela Roberts MP,2023-02-19T10:55:18.302Z,cc6dfb8d-8881-4a85-9c0e-8d3c157717b0,Lab,New Zealand,nz,100469685056180,Angela Roberts MP,Facebook
30398eb3-1960-4060-8073-04a40d180235,Georgie Dansey for Hamilton East,2023-09-06T05:08:21.015Z,a59deea6-2cc2-4246-8994-40ce6a040067,Lab,New Zealand,nz,100604429535529,Georgie Dansey for Hamilton East,Facebook
34a62b90-4b74-4a9d-a78a-76ac7a679dc5,Labour Waitaki,2023-04-09T10:55:05.879Z,476ae570-dc71-4c5b-9ccd-81a51892d83b,Lab,New Zealand,nz,103403094634162,Labour Waitaki,Facebook
398a5a68-0106-4628-9467-6dd83989135c,Tangi Utikere,2023-10-03T05:08:30.856Z,b14e0395-06c5-4e7c-aa8d-449703631012,Lab,New Zealand,nz,307336669442138,Tangi Utikere,Facebook
3a62b3b6-f3c8-41e7-ac1a-d9da76fa5cb2,Mark Hutchinson for Napier,2023-08-20T05:09:02.407Z,da6ac88e-17a2-4b44-9d30-694f06026ed9,Lab,New Zealand,nz,103594939405412,Mark Hutchinson for Napier,Facebook
41527eac-ecd1-4b25-b33e-b8919f6f4a52,New Zealand Labour Party,2023-02-14T10:55:07.096Z,e4ec22c4-240e-4596-9e81-3e7a4886a5ce,Lab,New Zealand,nz,337477311451,New Zealand Labour Party,Facebook
4a8b92a4-0bdd-427a-b0a2-325ffed8c116,Luke Jones,2023-06-27T06:58:46.697Z,59ba51f8-e37e-4377-8212-9955b85b8226,Lab,New Zealand,nz,110891165371072,Luke Jones,Facebook
4b7fe9d7-a069-4054-a54f-ecf0edd28369,Oscar Sims for Auckland Central,2023-07-04T06:18:04.990Z,a55c4118-6aa7-4886-847d-57e26a366588,Lab,New Zealand,nz,105594832524592,Oscar Sims for Auckland Central,Facebook
553d31e8-dd9b-4abf-8212-331d86a9f0e8,Soraya Peke-Mason MP,2023-07-22T05:09:16.027Z,a681e9a5-2602-4a8b-a4df-c0ba5fdefcc2,Lab,New Zealand,nz,102854491080249,Soraya Peke-Mason MP,Facebook
5617ef8a-e0be-4ebe-b785-f18232c82456,Dan Rosewarne MP,2023-07-07T13:18:00.653Z,e613b88a-7e8c-428c-b290-f6b80b160a69,Lab,New Zealand,nz,801340236670955,Dan Rosewarne MP,Facebook
62c9ad06-6b68-4058-abd9-7a9f6fe7d64c,Priyanca Radhakrishnan MP,2023-10-06T05:08:52.194Z,40dd6565-dd74-4a7e-8ab1-a4dc4efb4eda,Lab,New Zealand,nz,735998206442796,Priyanca Radhakrishnan MP,Facebook
6a913332-aed8-4a9a-ab85-143828480a47,Greg O'Connor - MP for Ōhāriu,2023-03-08T14:47:30.505Z,f8b34493-2837-481c-b7ae-a761407ed6c9,Lab,New Zealand,nz,1624184037891374,Greg O'Connor - MP for Ōhāriu,Facebook
6de26fd3-911e-45f5-a938-7887b0fa35bb,Arena Williams MP,2023-03-08T16:16:43.558Z,943679b3-37e5-4b5a-a422-c9deae98bf09,Lab,New Zealand,nz,107937407609923,Arena Williams MP,Facebook
7757608a-71eb-423a-b692-1e1ff4bc4083,Helen White,2023-10-02T05:08:12.966Z,c15b2b9b-2716-4079-89e3-23fe2d615cda,Lab,New Zealand,nz,380514752149420,Helen White,Facebook
79f7a8fd-2361-4819-b323-fe6bdcc994e1,Zulfiqar Butt for Rangitīkei,2023-08-21T05:09:10.459Z,98b5334d-76fa-49a9-9aaf-3f81e0f8af74,Lab,New Zealand,nz,257160081304114,Zulfiqar Butt for Rangitīkei,Facebook
7d0457bc-5be6-4018-b34d-f6e0df6bba0a,Alex Hewison - Coastal Ward Community Board Member,2023-03-08T16:37:19.434Z,82288470-744f-475f-b1b6-cc44b03c2f96,Lab,New Zealand,nz,109418661694064,Alex Hewison - Coastal Ward Community Board Member,Facebook
870bed3f-ab5f-41cd-a5ee-dc2791f7d67c,Simon McCallum - Labour Candidate,2023-10-12T05:10:50.822Z,241c119c-546f-46a0-932c-e189950211e2,Lab,New Zealand,nz,106867252391245,Simon McCallum - Labour Candidate,Facebook
8fa9a17d-96d8-41c0-b832-530a6d56152c,Tauranga Labour,2023-05-23T06:55:09.995Z,2475ee23-5cc3-454d-9688-91a512120521,Lab,New Zealand,nz,100494758901713,Tauranga Labour,Facebook
94a0966e-fb28-40b2-acd4-0f8791e455c1,Gwendoline Keel for Port Waikato,2023-07-22T05:09:16.040Z,a1829dc7-e2e5-4cc1-9cbd-019e0a9d4764,Lab,New Zealand,nz,114465948313909,Gwendoline Keel for Port Waikato,Facebook
969c1dec-98b9-4afa-b725-8ac1f49c75c0,Sarah Pallett - MP for Ilam,2023-02-28T10:55:15.268Z,f7f8f96e-b66f-406b-ae55-8b4a284bedd5,Lab,New Zealand,nz,109325357303193,Sarah Pallett - MP for Ilam,Facebook
a3524e58-d6c1-4478-8e31-d05a06073c02,Rachel Boyack MP,2023-02-22T10:55:15.700Z,95f094fd-49bd-4684-9a04-cd1c7c1d54ef,Lab,New Zealand,nz,1046290775440089,Rachel Boyack MP,Facebook
a6922335-3f55-468a-9596-f8a052650478,Tracey McLellan - MP for Banks Peninsula,2023-06-23T05:18:20.915Z,451e3781-4fcc-4b97-bc19-faa87109b1b6,Lab,New Zealand,nz,598197373553921,Tracey McLellan - MP for Banks Peninsula,Facebook
a8ad5575-b3a1-47cb-a36b-3690924c1983,Fleur Fitzsimons for Rongotai,2023-05-04T06:54:33.427Z,dc416063-fe74-4c4d-999a-c35b31b61e66,Lab,New Zealand,nz,122859715050319,Fleur Fitzsimons for Rongotai,Facebook
ae34cd8c-ce14-40ea-b995-320ed49a4be6,Shanan Halbert- MP for Northcote,2023-03-10T10:55:07.940Z,0614ca30-d8e4-4834-94ae-e8883cf20596,Lab,New Zealand,nz,363940644005754,Shanan Halbert- MP for Northcote,Facebook
b1a0c630-e791-4901-9932-ae45aa0cef11,Ginny Andersen MP,2023-08-01T05:09:14.855Z,c6bb6f6b-18db-4850-bd5b-3b5a6cbf31b2,Lab,New Zealand,nz,1723766077946976,Ginny Andersen MP,Facebook
b1d5f06f-cd01-412b-b167-ec4884ff34a6,Barbara Edmonds MP,2023-09-01T05:08:20.143Z,9bb82af8-6bf7-4e28-beaa-262e16e75f80,Lab,New Zealand,nz,108993164170572,Barbara Edmonds MP,Facebook
b936c2aa-1212-4f7d-9508-ece0b880fc26,Michael Wood,2023-02-19T10:55:18.291Z,824d49bf-2ce3-4dc7-87bc-b5709ec0991d,Lab,New Zealand,nz,106059942804231,Michael Wood,Facebook
bfe3362d-b5b8-412d-b1ab-c78aeabf8031,Guy Wishart - Labour Candidate for Kaipara ki Mahurangi,2023-09-09T05:08:31.284Z,4bfee724-d8db-40af-af42-bc7611957f00,Lab,New Zealand,nz,103286849429146,Guy Wishart - Labour Candidate for Kaipara ki Mahurangi,Facebook
c4177d49-a552-40e6-984d-d297665c74ee,Steph Lewis MP for Whanganui,2023-06-10T06:54:28.256Z,c6813957-7300-4abd-b471-b3dde43c43a5,Lab,New Zealand,nz,340956962955027,Steph Lewis MP for Whanganui,Facebook
ce67b027-d5db-4c72-8745-4a2850f50039,Tamati Coffey,2023-09-15T05:08:17.973Z,78f13768-fa3a-45ee-98e8-66ae7f0b4341,Lab,New Zealand,nz,1419709484942886,Tamati Coffey,Facebook
d59292ce-1a3e-42f5-a69d-c466bb91ece3,Reuben Davidson for Christchurch East,2023-08-13T05:09:21.017Z,8600ff1d-dd37-4074-85cc-be5dc3bc7a07,Lab,New Zealand,nz,107766045641779,Reuben Davidson for Christchurch East,Facebook
dc44eadc-ea2a-43b5-b7af-8b763cb58b70,Angie Warren-Clark MP,2023-10-13T05:08:49.441Z,596a7286-030e-43da-aad3-351d89ea9260,Lab,New Zealand,nz,1888749578039322,Angie Warren-Clark MP,Facebook
e02cd154-2049-4eda-8841-dd4e4308cc5a,Anna Lorck - ALL 4 Tukituki,2023-02-08T06:22:36.554Z,0d43e0f0-3ceb-4c2f-98fb-598ac2209aaf,Lab,New Zealand,nz,280589468774115,Anna Lorck - ALL 4 Tukituki,Facebook
e76433f9-4fd1-42b1-90f7-f45f4d350efd,Megan Woods - MP for Wigram,2023-04-10T10:54:36.977Z,472f8246-33b4-4575-aebf-9e71e39fb902,Lab,New Zealand,nz,160855903938854,Megan Woods - MP for Wigram,Facebook
e7ba385e-b883-48f8-a4f6-88e61a0696f7,Vanushi Walters MP,2023-02-07T15:08:01.938Z,ba1c470c-dc79-4484-aa78-05fc54fc7f5b,Lab,New Zealand,nz,100113565101028,Vanushi Walters MP,Facebook
e80dda15-889f-47fd-be87-5e542edaee80,"Deborah Russell, Labour MP for New Lynn",2023-06-10T06:54:28.194Z,a27dac01-9712-4841-b60a-82e0d964acb1,Lab,New Zealand,nz,651619201564496,"Deborah Russell, Labour MP for New Lynn",Facebook
eeb49889-f87e-4a07-acc3-a1c1b778b3ef,Labour Ethnic Communities,2023-02-10T10:55:09.377Z,7b51ac0f-71f2-4276-824f-762b0324a096,Lab,New Zealand,nz,101178458862216,Labour Ethnic Communities,Facebook
f3321245-5e24-4252-883b-dbcbc4d66d16,Ingrid Leary MP,2023-02-25T10:55:09.166Z,c01de758-466a-4f34-9b30-95768db3548a,Lab,New Zealand,nz,101425391405600,Ingrid Leary MP,Facebook
ffa57caf-ec82-41d8-971a-9e95dd08af86,Labour Whangaparāoa,2023-06-12T06:54:34.859Z,fa2da3ac-9eb0-45f6-b546-8fb83ff464b7,Lab,New Zealand,nz,298178873669068,Labour Whangaparāoa,Facebook
034cdbf2-7ec9-438e-b168-7d91ce1c6b91,Carlos Cheung for Mt Roskill,2023-07-03T06:17:29.613Z,2ee4cb2b-e27e-4d14-8969-a0d9e52001cf,Nat,New Zealand,nz,111688835215179,Carlos Cheung for Mt Roskill,Facebook
0381ab93-954f-4e4a-8587-ba7a94075c5b,Carl Bates for Whanganui,2023-05-26T06:55:23.825Z,af475cac-8d38-4867-afcd-a9ad32f5a4ae,Nat,New Zealand,nz,105790469112280,Carl Bates for Whanganui,Facebook
119b68b2-dc72-4c08-a55b-bc4213ec994f,Dan Bidois,2023-06-12T06:54:34.823Z,d8de6a2c-f776-421b-a03b-560ea9ee8968,Nat,New Zealand,nz,179342172711193,Dan Bidois,Facebook
14c20d1f-ce7e-43b5-aabe-b678573dc279,National for Upper Harbour,2023-03-18T10:55:08.334Z,ca9c7dd9-76f0-44c3-8934-bbc8ef824fc9,Nat,New Zealand,nz,109119861406805,National for Upper Harbour,Facebook
19c49c32-6177-41cb-8e0d-72cebe1696ca,Tim van de Molen MP,2023-02-13T10:55:10.490Z,8d83ddef-4aaf-49a1-9f7a-e90c025b2ef4,Nat,New Zealand,nz,1820592608152727,Tim van de Molen MP,Facebook
19ed3b90-4276-4666-8cf6-46cec922dec5,Katie Nimon for Napier,2023-07-04T06:18:05.055Z,abad69f0-0d14-49bd-a78a-c7036d588e80,Nat,New Zealand,nz,105370978007709,Katie Nimon for Napier,Facebook
21672f39-e823-4fed-8d12-78171db85087,Siva Kilari for Manurewa,2023-04-04T10:55:20.709Z,2543a4f1-296c-428b-b37c-39406c24f762,Nat,New Zealand,nz,116450041373720,Siva Kilari for Manurewa,Facebook
21af49bb-d8bf-453b-a329-0122eed63bd5,Angee Nicholas for Te Atatū,2023-07-07T13:18:00.632Z,cd644768-1884-4af7-859b-c1baed658f4b,Nat,New Zealand,nz,115587524730073,Angee Nicholas for Te Atatū,Facebook
2305fc4d-be69-4e70-be6a-3a3136afd1a4,Tim Costley,2023-02-10T10:55:09.337Z,e036474f-6ff3-467b-93e4-0d4a87d5988f,Nat,New Zealand,nz,100272638114473,Tim Costley,Facebook
24438f4d-629a-4952-8292-4d905447de9e,Matt Doocey MP,2023-02-07T15:08:01.875Z,1cb09a52-f2b3-4b49-8934-d97df1d86067,Nat,New Zealand,nz,667708756580711,Matt Doocey MP,Facebook
27070288-2e98-43d5-a3f9-e2f024e45b78,Miles Anderson for Waitaki,2023-04-04T10:55:20.721Z,f2811829-2757-4cf2-b2be-c9ef7ecf528a,Nat,New Zealand,nz,103549809343092,Miles Anderson for Waitaki,Facebook
2a9ae2a9-849a-444c-8374-0afdedfe7b17,Emma Chatterton for Remutaka,2023-07-17T06:33:34.670Z,07c6952d-6b11-462e-8831-b1019e4931dc,Nat,New Zealand,nz,112866185060590,Emma Chatterton for Remutaka,Facebook
2cd84c84-f89c-4965-9eb8-b19476aebe64,Matt Stock for Christchurch East,2023-07-11T06:09:10.945Z,83b26850-bc33-474c-bf52-1f4a56e7a64a,Nat,New Zealand,nz,106080541073071,Matt Stock for Christchurch East,Facebook
2e05087a-6699-423b-83a9-51398153371c,Harete Hipango MP,2023-05-03T06:54:32.429Z,c717222e-6a61-46ef-b8f1-3d71e84f5d2c,Nat,New Zealand,nz,1772213219772184,Harete Hipango MP,Facebook
301193ac-88ee-4b3a-b130-831e0335ce03,,2023-03-30T10:55:00.926Z,4bb7d0ed-aa02-44bd-a2e6-333e483cef14,Nat,New Zealand,nz,121956660842544,,Facebook
312ddaed-4c3b-449f-88ba-b92d8afb7d12,Hamish Campbell for Ilam,2023-04-02T10:55:13.295Z,d89599f2-4df8-4cae-860a-a76f927fd807,Nat,New Zealand,nz,109190088664909,Hamish Campbell for Ilam,Facebook
340d9dbc-b028-4cf9-a1b9-76f75647d0a8,Simeon Brown MP,2023-03-08T16:37:19.402Z,53e89de7-3736-4a38-8d5c-183e0bc8e1e3,Nat,New Zealand,nz,401198130258265,Simeon Brown MP,Facebook
36a59501-0ac0-4564-bf4a-3b0c8d520d72,Navtej Randhawa for Panmure-Ōtāhuhu,2023-09-03T05:08:16.675Z,c30b1628-08a5-469a-b682-0da6858870ab,Nat,New Zealand,nz,130417499957243,Navtej Randhawa for Panmure-Ōtāhuhu,Facebook
3adf22cb-afd3-427b-8ed9-8f7e86458cf9,,2023-05-06T06:54:48.231Z,b0ee0450-57ef-4325-877c-5c3ba792cfe4,Nat,New Zealand,nz,119798114390625,,Facebook
477e3825-1b8e-4265-9a61-987b6c81b9fa,Louise Upston MP,2023-04-24T06:55:06.203Z,71e7daae-8a5c-4eee-b887-310d0234ca0e,Nat,New Zealand,nz,14590437963,Louise Upston MP,Facebook
4cd279a1-befb-40b3-abe6-717271b54ae4,Andrew Bayly MP,2023-02-24T10:55:06.084Z,3028bd31-7809-4cac-bebc-5d634bac1521,Nat,New Zealand,nz,515754408526607,Andrew Bayly MP,Facebook
4fcca598-4a36-4180-ad37-e18215734c38,Scott Sheeran for Wellington Central,2023-06-02T06:55:23.588Z,6f73737c-d07d-45b9-aadc-a861c7604bd8,Nat,New Zealand,nz,112286851853300,Scott Sheeran for Wellington Central,Facebook
4fdcdb28-aefb-4b4a-933b-88a327f0119a,Frances Hughes for Mana,2023-06-04T06:54:28.770Z,786a2a60-973a-4a2d-9dec-754ff79f0769,Nat,New Zealand,nz,107777965524870,Frances Hughes for Mana,Facebook
4ff7ce48-29db-4409-9a9f-fa0fdd95b193,Joseph Mooney MP for Southland,2023-02-07T15:08:01.952Z,6c8046d3-8732-489c-ae95-2808e6e7e30a,Nat,New Zealand,nz,640804959876113,Joseph Mooney MP for Southland,Facebook
517e217b-e6bd-40c2-8367-903061611f47,Todd Muller MP,2023-03-28T10:55:06.398Z,9496f2c9-fc7f-4c4d-851d-63b9ba17f608,Nat,New Zealand,nz,564091457036800,Todd Muller MP,Facebook
545d4cac-0a85-40bd-8237-fa449bbac52e,Cameron Brewer for Upper Harbour,2023-05-26T06:55:23.824Z,33b8ff07-81cc-4d34-a118-5f990d33f11e,Nat,New Zealand,nz,106157572429609,Cameron Brewer for Upper Harbour,Facebook
587be908-e37f-47f8-a89e-fdfe62f05022,Mike Butterick for Wairarapa,2023-08-12T05:09:13.041Z,47a5353b-ab8c-478f-a71f-720a193e1a5f,Nat,New Zealand,nz,111557443915214,Mike Butterick for Wairarapa,Facebook
5cfb0b17-2cc8-4f15-a67c-699d4eea86ae,Erica Stanford MP,2023-03-12T10:55:19.701Z,4ff804db-94e5-442b-9ccd-19766db8d5e0,Nat,New Zealand,nz,346186225761296,Erica Stanford MP,Facebook
5e3ed17a-5268-4482-ad07-bf7accaf3051,New Zealand National Party,2023-02-07T15:08:01.838Z,dd2f6de1-af41-4a1e-bef0-fa0cae3c988a,Nat,New Zealand,nz,183355881680015,New Zealand National Party,Facebook
5f79247e-455a-4464-8a30-3e8bce248c75,Chris Penk MP,2023-09-12T05:07:59.470Z,2a40387d-9cb0-42cb-9d37-575d3db2a296,Nat,New Zealand,nz,514370775331119,Chris Penk MP,Facebook
6163e8b1-643b-4220-a228-c00a97620ffb,Paul Goldsmith,2023-02-12T10:54:54.107Z,a5aa4b32-a161-4994-820c-1cb06e0aba95,Nat,New Zealand,nz,305655596286980,Paul Goldsmith,Facebook
63ccb2f4-95fb-4650-883c-8f5cedf8057e,Ankit Bansal for Palmerston North,2023-06-03T06:54:44.867Z,d04512f8-8a9f-4ec9-a7e3-77455ec76040,Nat,New Zealand,nz,103021582757731,Ankit Bansal for Palmerston North,Facebook
76947d99-711d-430f-b0d2-0091e12b06c9,Greg Fleming for Maungakiekie,2023-04-30T06:54:36.733Z,adde7ee1-c8c2-431b-8a0f-9ed74d9cc92e,Nat,New Zealand,nz,102887312771425,Greg Fleming for Maungakiekie,Facebook
77cdab51-aa6e-4462-8359-18cdbf1c4312,National for Auckland Central,2023-03-25T10:54:54.161Z,d5a6ee7d-e58a-4397-81fc-cfedb02163dc,Nat,New Zealand,nz,102303798877229,National for Auckland Central,Facebook
78e2529f-7223-4a50-9b27-915631e1293a,Dale Stephens for Christchurch Central,2023-02-08T06:22:36.556Z,6211dc4e-8383-42f2-8446-a159c427c6dc,Nat,New Zealand,nz,100696438234003,Dale Stephens for Christchurch Central,Facebook
7c3f7deb-b8a0-41ef-925e-f82cde122169,Karuna Muthu for Rongotai,2023-07-03T06:17:29.636Z,6f0adb3a-9bef-40af-8470-809aad1c68f9,Nat,New Zealand,nz,113698141697927,Karuna Muthu for Rongotai,Facebook
7f78b0d6-3236-48e4-92cb-4b36ab2d1858,Hinurewa te Hau for Tāmaki Makaurau,2023-06-19T18:26:35.205Z,dc1136f8-be98-405c-a5a6-0351bf3162c5,Nat,New Zealand,nz,100883903025747,Hinurewa te Hau for Tāmaki Makaurau,Facebook
84438f7c-de39-4ee8-a3d0-1511bcd9c70c,Mahesh Muralidhar for Auckland Central,2023-05-26T06:55:23.796Z,d2465eca-c805-424f-91f7-265e63cd0e4b,Nat,New Zealand,nz,120853907618462,Mahesh Muralidhar for Auckland Central,Facebook
888ca39a-d10d-410c-9012-d67fa3b31f58,Rima Nakhle for Takanini,2023-05-20T06:55:16.588Z,0d3b5497-89b1-471b-a809-47bae4a36ad8,Nat,New Zealand,nz,113846130364869,Rima Nakhle for Takanini,Facebook
89aaa1df-31ad-45bb-bb02-45d4025d0509,Suze Redmayne for Rangitikei,2023-05-30T06:55:24.406Z,6caf3205-3da4-4109-a509-64f44c81180a,Nat,New Zealand,nz,106159648977980,Suze Redmayne for Rangitikei,Facebook
89e5645e-f70d-42ce-a839-e55ddcda9db6,Nicola Willis MP,2023-03-19T10:55:05.222Z,902bd806-81a6-41e6-b4d9-c4dbffc971dd,Nat,New Zealand,nz,209221986221719,Nicola Willis MP,Facebook
99ab3f76-74d7-47d7-9351-674191b61276,Dr Shane Reti MP,2023-10-14T05:08:27.412Z,bf70e0e4-b9c4-4e1b-b323-f8755d2297bf,Nat,New Zealand,nz,735357479848625,Dr Shane Reti MP,Facebook
9c7bd858-61b9-4623-b3ff-200b1119ef12,Maureen Pugh MP,2023-03-14T10:54:58.386Z,42dcd52f-d95f-4443-b954-c1a28cd91933,Nat,New Zealand,nz,599006006833629,Maureen Pugh MP,Facebook
a1a0fc28-6181-412c-be48-c963c5a63400,Dana Kirkpatrick for East Coast,2023-07-01T05:09:42.754Z,d6b56bf1-ab67-47dc-9133-20236a4e368e,Nat,New Zealand,nz,111063721979664,Dana Kirkpatrick for East Coast,Facebook
a8d83916-a3c9-4715-8bd4-b38fc74e3d8e,Sam Uffindell MP,2023-02-07T15:08:01.977Z,52b29990-8f1a-4d8e-bd04-ab7211222c49,Nat,New Zealand,nz,102624329113893,Sam Uffindell MP,Facebook
ad2ac525-e72d-409d-bb4a-952fcdcc9e04,Matthew French for Taieri,2023-09-13T05:08:18.770Z,4d0970af-1141-4c8f-bdbc-15bdc81c5139,Nat,New Zealand,nz,209467292880889,Matthew French for Taieri,Facebook
af2dd5e5-0817-4acb-a771-e763e57ffb18,Simon Watts MP for North Shore,2023-03-04T10:55:13.335Z,e52a8152-3842-41bf-afc7-4584fac3c662,Nat,New Zealand,nz,100278988277160,Simon Watts MP for North Shore,Facebook
b3aed94b-a6ce-4229-8e2c-a16c041b15af,Chris Bishop,2023-06-19T18:26:35.143Z,8ad6bd48-eb35-4fe8-8072-3bf2ea6b8a4e,Nat,New Zealand,nz,705422666171288,Chris Bishop,Facebook
b3b4a5fc-69f6-42d9-88ac-05602595931c,Rosemary Bourke for Māngere,2023-05-09T06:54:52.931Z,09a8fbc4-a82d-4744-8928-53ee0187a411,Nat,New Zealand,nz,100836489646592,Rosemary Bourke for Māngere,Facebook
b950f6c0-5ed8-4c1e-9556-64e137463d69,Nicola Grigg MP,2023-02-07T15:08:01.899Z,8a841ed6-1342-414b-b582-ff2f6a115511,Nat,New Zealand,nz,111518076963780,Nicola Grigg MP,Facebook
c473b25f-6c01-4fd7-b5ca-656ad7251ac3,Penny Simmonds MP,2023-03-18T10:55:08.316Z,a068ffdf-50b6-4d0e-8dc4-4737815f0883,Nat,New Zealand,nz,101075384957757,Penny Simmonds MP,Facebook
cac4e208-5c04-4589-9cb0-4cfd112be7ed,Stuart Smith MP,2023-08-19T05:09:13.060Z,816deab8-b877-41f3-899f-2aa1aadc076c,Nat,New Zealand,nz,136286586541645,Stuart Smith MP,Facebook
cecd82ac-8aa1-4e70-96aa-bcda22ab4298,Tom Rutherford for Bay of Plenty,2023-06-10T06:54:28.256Z,15cbcacf-1754-4df4-82ea-97e7f0a0179a,Nat,New Zealand,nz,106636689109962,Tom Rutherford for Bay of Plenty,Facebook
ed2d9b4d-ceb9-4d52-8be2-2858cace9da4,Simon O'Connor,2023-03-19T10:55:05.182Z,43aff1e0-e45e-469c-96c2-febd00c8fd45,Nat,New Zealand,nz,156709261092239,Simon O'Connor,Facebook
ef237bde-9b4a-4607-8dcc-3eadad206149,David MacLeod for New Plymouth,2023-02-07T15:08:01.937Z,e7527a77-5918-4d60-a4e7-cd00442544db,Nat,New Zealand,nz,110910531830985,David MacLeod for New Plymouth,Facebook
f469bf17-b96f-467b-87a0-597c690c81ad,Blair Cameron for Nelson,2023-05-29T06:54:32.587Z,03b8c36f-f7cd-4114-925d-2455b5708740,Nat,New Zealand,nz,104319172596371,Blair Cameron for Nelson,Facebook
fbf1cc49-b42a-4435-b82a-625a6cf86356,Catherine Wedd for Tukituki,2023-03-03T10:55:05.332Z,436212cb-d9fa-45d9-9493-bb418b2977f5,Nat,New Zealand,nz,106952008971755,Catherine Wedd for Tukituki,Facebook
fd2ba7be-0cf6-4943-9d04-e19621e7f677,Vanessa Weenink for Banks Peninsula,2023-04-22T06:05:29.324Z,302eaef3-cbcd-44dc-bd0c-3fc49d8ffcba,Nat,New Zealand,nz,104501819255827,Vanessa Weenink for Banks Peninsula,Facebook
fe2296d2-4943-47da-b5bd-4ac64591ce94,Christopher Luxon,2023-04-10T10:54:36.942Z,ccec72e8-3999-4a8e-91c5-17fba162b75f,Nat,New Zealand,nz,104174354363267,Christopher Luxon,Facebook
01b27cdb-45d1-4f43-b9d6-c5273d438471,Mike Davidson,2023-08-07T05:09:25.307Z,5a7cf34e-b6a0-4f6a-8bc6-e0a62f00da76,Gre,New Zealand,nz,1675863245975747,Mike Davidson,Facebook
0bff5059-2134-46e4-a876-1fae9318a2d7,Greens Election 2023 - Nelson,2023-08-09T05:09:00.444Z,7758a12d-f30e-40a6-889b-6e849a6ea482,Gre,New Zealand,nz,113965111771042,Greens Election 2023 - Nelson,Facebook
0ca9becd-f816-48f9-aa5a-8fb6a4e59842,Ricardo Menéndez March MP,2023-02-24T10:55:06.118Z,ba378934-ee1a-4fc1-b290-e424de9ffbe5,Gre,New Zealand,nz,1219528811471643,Ricardo Menéndez March MP,Facebook
13bb05b3-1b7c-4390-9408-94f600f9fc16,Aoraki Greens,2023-09-09T05:08:31.381Z,ccb2a557-5e7f-46ec-a86a-40623a294d61,Gre,New Zealand,nz,291458324301037,Aoraki Greens,Facebook
14de2763-67b1-43fa-9d91-3c75ac9393cd,James Shaw,2023-03-31T10:55:20.797Z,ac6aec2d-ff46-45a2-89d7-d9e95bed0734,Gre,New Zealand,nz,1609645495950424,James Shaw,Facebook
1d88329e-d226-47b2-90da-b79b2b65ca49,Green Party of Aotearoa New Zealand,2023-02-19T10:55:18.269Z,80b63a77-9ef7-4433-b5fa-da4af2e03458,Gre,New Zealand,nz,10779081371,Green Party of Aotearoa New Zealand,Facebook
26cb4a02-4d11-4fd7-9360-21e87c7bc118,Dave Kennedy Green Party Southland,2023-09-24T05:08:38.066Z,0b2910e1-08ca-4a3c-9a5d-1185a1cbe630,Gre,New Zealand,nz,642407583056499,Dave Kennedy Green Party Southland,Facebook
2e4c5d2e-8850-451f-bd59-318f269cfdcf,Hūhana Lyndon mō Tai Tokerau,2023-08-18T05:08:49.864Z,179a5c42-6795-4abb-9702-91c03260a0a9,Gre,New Zealand,nz,114667841638152,Hūhana Lyndon mō Tai Tokerau,Facebook
2f980eb5-dafa-4c88-b9ce-a3c6f9e1e0ef,Chlöe Swarbrick,2023-06-30T06:15:09.729Z,c1e003af-2d84-4210-acc5-1b91c0d3cd55,Gre,New Zealand,nz,295784974090482,Chlöe Swarbrick,Facebook
338026f5-6cf9-4e64-8ffe-8327c2a46c8c,Green Party Dunedin,2023-09-17T05:08:23.434Z,8e10a23c-2efb-41a1-9ae6-23e887db5156,Gre,New Zealand,nz,491085301024539,Green Party Dunedin,Facebook
3968e01f-d77e-4ac5-9557-16ea93ee1d19,Christchurch East Greens page,2023-06-03T06:54:44.879Z,7e282074-8a0d-43b1-8e09-b5e4cfa5e9c8,Gre,New Zealand,nz,1947756168820530,Christchurch East Greens page,Facebook
5b08f735-7233-43b9-96f9-d184c248e0c4,Banks Peninsula Greens,2023-04-24T06:55:06.230Z,eee4e07f-7159-409a-a61a-63e0effc2074,Gre,New Zealand,nz,666096106755488,Banks Peninsula Greens,Facebook
5e617c84-b41c-4278-bb4f-b34dd7ddcfea,Mana Greens,2023-03-20T10:55:06.788Z,67e9b531-622e-429f-a2ca-d26eca3b210b,Gre,New Zealand,nz,107716119354665,Mana Greens,Facebook
865797a9-2acc-4887-b1aa-148b96675285,Tamatha Paul,2023-07-31T10:58:50.420Z,baace6eb-f1a1-43cf-a2d2-421d77705d37,Gre,New Zealand,nz,1784728534980298,Tamatha Paul,Facebook
8d4c5b3a-8094-4cc2-a1ba-ff33fd797da9,Stephanie Rodgers for Ōhāriu,2023-04-16T15:07:19.489Z,c9f01a78-1130-4522-a5ee-8658cbbd0b8f,Gre,New Zealand,nz,110600578614349,Stephanie Rodgers for Ōhāriu,Facebook
c0fccde3-89fc-44a1-bba7-20ddd86273cf,Geordie Rogers,2024-01-25T05:08:02.838Z,b0ace6cd-7a1b-4572-a68e-ec2689422864,Gre,New Zealand,nz,173718232494707,Geordie Rogers,Facebook
c974ad39-6009-4a71-8a09-0342fd73d287,Kahurangi Carter for Christchurch Central,2023-09-16T05:08:29.688Z,b0db8a3d-1293-4ecd-9221-65a63b598255,Gre,New Zealand,nz,108415005534207,Kahurangi Carter for Christchurch Central,Facebook
cf43f9b7-3f61-4d8c-ad5b-d9c95f51464c,Julie Anne Genter MP,2023-07-08T06:09:08.228Z,9e20f5c0-df19-44d0-a7bb-5f3d13719d1c,Gre,New Zealand,nz,195454263800226,Julie Anne Genter MP,Facebook
e06d79e6-fb2e-4936-a58e-4ee41e07e675,Rinopai,2023-08-16T05:09:00.514Z,11a5b162-011b-4a3b-8e53-68ac57a753d6,Gre,New Zealand,nz,457742784300967,Rinopai,Facebook
fb640349-eae6-42e2-abbe-06e0dbb91fa0,Steve Richards - Green Party Candidate for West Coast - Tasman,2023-07-27T05:09:02.242Z,d777505c-d960-476e-a052-374c8a14d8d0,Gre,New Zealand,nz,111406670609253,Steve Richards - Green Party Candidate for West Coast - Tasman,Facebook
280947b0-eb26-410e-b82b-4d703b121cbe,Simon Court MP,2023-02-07T15:08:01.877Z,4ef05027-f9fa-41eb-8d53-e24b92a60539,ACT,New Zealand,nz,114731636915763,Simon Court MP,Facebook
2d20660c-ee0a-4411-8994-468f7a019af7,Brooke van Velden MP,2023-04-02T10:55:13.274Z,eb496fb2-190a-4f56-8a0c-8ed72b2d2a46,ACT,New Zealand,nz,1966234280281774,Brooke van Velden MP,Facebook
5ac99837-3147-4c99-821d-ffc689e9c890,Young ACT,2023-07-31T11:07:45.967Z,6287b464-577f-4463-903d-3e11c9920bc8,ACT,New Zealand,nz,95170438346,Young ACT,Facebook
66d83a58-8b8d-431e-a709-46f95dc12b05,Toni Severin MP,2023-06-13T06:54:57.611Z,1deb070d-e4ba-426c-a7b3-f189d2490402,ACT,New Zealand,nz,100135495080458,Toni Severin MP,Facebook
6d07317a-ca78-475e-89c9-01901797fff4,David Seymour,2023-02-07T15:08:01.876Z,e13d7818-bfdf-4a41-9a3d-b7869fb57dca,ACT,New Zealand,nz,154331724631584,David Seymour,Facebook
7f15c955-f16e-45b2-980d-4d097b3a9d96,Andrew Hoggard for ACT,2023-06-16T09:34:52.581Z,462fa81f-e8e8-4bcb-b38d-8c301f0e4269,ACT,New Zealand,nz,102857559488426,Andrew Hoggard for ACT,Facebook
883f6f6f-c747-4c19-94fc-dbaf9bd66c46,Zane Cozens - ACT Candidate Taupo,2023-08-01T05:09:14.913Z,e583546a-2fe2-4ee6-940d-0f035376f2c2,ACT,New Zealand,nz,116348774860461,Zane Cozens - ACT Candidate Taupo,Facebook
89b7fb91-77ca-4a12-9326-7b5b9b8518c6,Damien Smith - ACT List Member of Parliament.,2023-06-11T06:54:39.950Z,9289ea9c-19c6-4d1d-86a7-247edc937e84,ACT,New Zealand,nz,103745874668930,Damien Smith - ACT List Member of Parliament.,Facebook
97f0dbd8-e27b-4a28-9c67-4d568daf6d8e,Karen Chhour MP,2023-04-09T10:55:05.802Z,c0f5afb4-3f8d-44d1-8250-361ac947819c,ACT,New Zealand,nz,100432998389927,Karen Chhour MP,Facebook
a31af5f5-2ff4-43e7-abfd-a1940ac5ef03,James McDowall MP,2023-04-16T15:07:19.468Z,2b7a593a-2bb5-43e0-a066-86b4df9fdc69,ACT,New Zealand,nz,117997265415910,James McDowall MP,Facebook
b40dce11-696f-4d47-a3b3-8df629469c88,Sean Rush a little less conversation a little more ACTion,2023-07-13T06:26:57.273Z,e98ef9fd-b6dc-494a-b8b7-7d5056365a0c,ACT,New Zealand,nz,110207703668553,Sean Rush a little less conversation a little more ACTion,Facebook
bd8a0c2f-d840-485c-b1c5-3bdeb7ef54bf,Chris Baillie MP,2023-04-09T10:55:05.821Z,b750fc05-cec6-4064-b5cc-630021a7e755,ACT,New Zealand,nz,102690508206877,Chris Baillie MP,Facebook
c3b4013a-4517-46be-9027-05ba9afc8d8a,ACT,2023-02-07T15:08:01.832Z,20f7c79c-7b35-4d84-861b-0c2d801d749e,ACT,New Zealand,nz,92043134118,ACT,Facebook
dff3a305-9117-4a2b-ab6f-48c60c1e7618,Nicole McKee MP,2023-02-07T15:08:01.878Z,e6a882c4-ffaf-47fb-af68-94f946cc2cde,ACT,New Zealand,nz,110974094005509,Nicole McKee MP,Facebook
f28a0413-e898-450d-8019-112aa3493195,Mark Cameron - ACT List MP,2023-02-07T15:08:01.850Z,4898b05a-1585-4a9d-9081-ba1533caf3d3,ACT,New Zealand,nz,104411054853609,Mark Cameron - ACT List MP,Facebook
0982df54-1aa6-4727-b6b1-19749c338418,"Debbie Ngarewa-Packer, MP",2023-05-10T06:55:30.933Z,51edcb14-b933-47dd-b4d8-e75334b713f0,TPM,New Zealand,nz,108671730551254,"Debbie Ngarewa-Packer, MP",Facebook
616b8952-0bb0-415c-b13e-5e53e0055a82,Rawiri Waititi MP,2023-05-16T06:55:14.522Z,af064230-163d-4ee3-8331-8960e340361e,TPM,New Zealand,nz,115195056703042,Rawiri Waititi MP,Facebook
b0514db8-6a6f-4c71-9b97-522775cc8d52,Te Pāti Māori,2023-09-14T05:08:21.409Z,d2812ed9-62ff-4e82-a288-396dc1ec9801,TPM,New Zealand,nz,194480190563142,Te Pāti Māori,Facebook
bc8b01d1-cc5a-432f-931c-7238c23b4f76,Takutai Moana Natasha Kemp,2023-09-03T05:08:16.668Z,4cd5c6c9-973d-4ac7-914c-60da97d077b4,TPM,New Zealand,nz,101827762642955,Takutai Moana Natasha Kemp,Facebook
06a40c35-a328-411f-9ec3-1c3f37d6049c,New Conservatives NZ,2023-09-26T05:10:20.657Z,3ccb1f4b-2a02-4304-9b44-08af2469152d,Ind,New Zealand,nz,155117061231306,New Conservatives NZ,Facebook
20ce510d-488f-4e9c-a20b-5752036e8bfe,Patrick Phelps - West Coast-Tasman,2023-08-28T05:08:11.261Z,91f2aab9-fe4c-4c05-a11b-90d51f501f3b,Ind,New Zealand,nz,122096230646016478,Patrick Phelps - West Coast-Tasman,Facebook
21d569da-8615-4dfa-9871-4a84400e9a45,Bill Burr,2023-10-13T05:08:49.418Z,6cb520fa-f85d-4dcf-9d10-98b42d444926,Ind,New Zealand,nz,143213148873683,Bill Burr,Facebook
289854dc-a01a-4f1e-a7f6-5f5a16d574c0,Natalia Albert - TOP Candidate for Wellington Central,2023-06-02T06:55:23.662Z,4fe62640-bad8-46c0-a6b4-c1b481c62fe1,Ind,New Zealand,nz,108458155571360,Natalia Albert - TOP Candidate for Wellington Central,Facebook
2b2184b7-aac0-4ef5-91de-bcac8693d04c,TOP - The Opportunities Party,2023-03-15T10:55:29.570Z,a9622fd3-eeca-4fb9-9617-6e9bdb3423cd,Ind,New Zealand,nz,564453323744421,TOP - The Opportunities Party,Facebook
2f618914-e9ec-49a7-a4a5-088481f6212d,Canterbury Socialist Society,2023-05-01T06:54:50.575Z,3c5e6a86-19d2-45d5-84a1-16a69834837f,Ind,New Zealand,nz,1439190239447866,Canterbury Socialist Society,Facebook
32a1063c-440d-4232-9eb6-5eae9379c380,Councillor Mark Arnott,2023-03-21T10:54:58.213Z,e526e1e2-43c9-406f-b300-84a5e838d121,Ind,New Zealand,nz,102664202563883,Councillor Mark Arnott,Facebook
33520404-3fcf-4a51-aa99-34037e310cfb,Cheval Graham for Hawera Council,2023-02-07T15:08:01.956Z,37e346d4-780e-481f-b03e-ba55f6fd4fbe,Ind,New Zealand,nz,108631708805649,Cheval Graham for Hawera Council,Facebook
4956a5bb-a7b3-45bc-88d7-9d44fa7ab445,Northern Matters,2023-02-07T15:08:01.895Z,22f7264d-467c-4f8d-99a4-8c2df5baabba,Ind,New Zealand,nz,107624895391920,Northern Matters,Facebook
4ca581b5-0ff6-4685-81ec-6ba79dd07c14,Matt King Northland,2023-05-01T06:54:50.592Z,4666d1ff-2dc0-4f48-ab97-51e96f942da8,Ind,New Zealand,nz,1244770205593069,Matt King Northland,Facebook
5942a481-df0f-4456-b640-b753d5e07a9c,Eric Martini for Grey District Council,2023-02-07T15:08:01.897Z,06989104-282e-4631-a2c3-cb8549a57b42,Ind,New Zealand,nz,100128022839020,Eric Martini for Grey District Council,Facebook
5afebc53-46f6-4196-a258-b455ffc05e0a,Shane Jones,2023-05-23T06:55:09.893Z,805de7b4-c028-4fce-9878-9c45af130f94,Ind,New Zealand,nz,297551197024816,Shane Jones,Facebook
688234ac-25d5-4ccc-9fe7-e42be7767509,Te Nehenehenui,2023-08-07T05:09:25.278Z,2e305c79-ea14-4246-b960-e5a251a0ed06,Ind,New Zealand,nz,199568676835062,Te Nehenehenui,Facebook
68b4f5f1-1482-42c7-b669-f78339a0f722,Momentous Party - Pāti hira,2023-09-28T05:08:25.388Z,fda66f61-1760-4384-a248-57c017221df1,Ind,New Zealand,nz,100532649442863,Momentous Party - Pāti hira,Facebook
6f91863d-e861-4420-b03a-a2aca02cc129,Brian Tamaki,2023-07-24T05:08:56.940Z,a4e7663e-94dc-4ac1-a005-35bfba305919,Ind,New Zealand,nz,169566796514206,Brian Tamaki,Facebook
70beb0ce-23a4-4e5a-88fd-d808e28ed1b3,Shai Navot,2023-06-01T06:55:21.669Z,75a49eb7-fdcc-44a1-a85f-4cca611c14bb,Ind,New Zealand,nz,100540041553386,Shai Navot,Facebook
77992296-25e4-401d-bf8e-a719de81326b,New Zealand Loyal,2023-09-14T05:08:21.671Z,dc7ad3e8-a17f-4bd0-b4df-bf91bdd9d363,Ind,New Zealand,nz,112706287999516,New Zealand Loyal,Facebook
7cb8f385-61e7-493d-92e6-ef079184cb94,Raf Manji,2023-04-27T06:55:04.877Z,eac2286d-0355-4295-b6bc-ee19c6aa525a,Ind,New Zealand,nz,149519831907669,Raf Manji,Facebook
84b64c30-9ce5-49dc-9c55-2f46484d055d,Freedoms New Zealand,2023-03-22T10:54:59.061Z,6fab2a4b-f12b-4994-b3ef-e965f10db28e,Ind,New Zealand,nz,101940859390533,Freedoms New Zealand,Facebook
8ec91987-4aa3-4550-b355-79f2ff65e47e,Caine Warren For Manurewa,2023-10-11T05:08:27.387Z,a20fe2ef-9468-498d-8f8e-05b407f9ca9b,Ind,New Zealand,nz,114764928362691,Caine Warren For Manurewa,Facebook
91aae9d5-4df6-4e80-93c4-62949e09c347,Roger Small - Democracy NZ candidate for Waitaki,2023-08-20T05:09:02.426Z,cef6335d-d252-49ff-9dd4-740b2c187030,Ind,New Zealand,nz,113447235073072,Roger Small - Democracy NZ candidate for Waitaki,Facebook
973f787a-2c69-4943-b5dd-a13cabd34699,Sue Grey for Westcoast Tasman,2023-08-25T05:08:09.793Z,b5c684ba-3678-4865-b06e-0e7413806baa,Ind,New Zealand,nz,105387915612893,Sue Grey for Westcoast Tasman,Facebook
9cd3dcb4-5970-46e3-a935-f5f2468298a4,Bill Dyet - Democracy NZ Candidate for Whangaparaoa,2023-05-14T06:55:25.479Z,3d4b653a-0d40-4205-82d4-0946b7b5bcb5,Ind,New Zealand,nz,108217938914452,Bill Dyet - Democracy NZ Candidate for Whangaparaoa,Facebook
a14d5a13-7865-493d-994c-a444fa087fe1,Ray Bailey - Candidate For Waitaki NZLoyal,2023-10-11T05:08:27.364Z,134b8607-26f9-4293-88ca-77ef8a6e9300,Ind,New Zealand,nz,133056359881677,Ray Bailey - Candidate For Waitaki NZLoyal,Facebook
a846098e-9425-435a-ac88-9dc76a89c619,Animal Justice Party Aotearoa NZ,2023-02-07T15:08:01.877Z,fb3cf278-4da7-4629-9e6e-1e031cf045e4,Ind,New Zealand,nz,112431991697294,Animal Justice Party Aotearoa NZ,Facebook
bba1d1d8-3780-4aea-a412-b7e80b80f595,Jessica Hammond,2023-10-10T05:08:35.892Z,e0370369-646e-4bf1-bd09-3a975d1b76ca,Ind,New Zealand,nz,1371636986237477,Jessica Hammond,Facebook
bf55aff5-d2e7-459d-9ec3-afc5776bb4e8,Kush Bhargava PPNZ,2023-10-08T05:08:54.884Z,96e8c970-3fa4-40bd-a34f-b8f818a6f07a,Ind,New Zealand,nz,107801325414655,Kush Bhargava PPNZ,Facebook
ca250b53-29c1-40b5-8aec-880a9df5c33f,Mel Courtney - Nelson City Councillor,2023-02-09T06:29:32.499Z,d10a92cc-31db-4b89-8b85-c39c3106a205,Ind,New Zealand,nz,171901233444420,Mel Courtney - Nelson City Councillor,Facebook
d3e876a1-edbb-4a5f-9157-c39b7e9ad01e,Dr Nina Su - TOP Candidate for Epsom,2023-06-13T06:54:57.658Z,4dcabd0e-7b6f-4fd5-b5e8-67bea230aa1a,Ind,New Zealand,nz,112241211786183,Dr Nina Su - TOP Candidate for Epsom,Facebook
d8b3a04f-5ac1-4492-9988-0d57c4ac2bd3,NewZeal Party,2023-08-25T05:08:09.751Z,3d71b10c-5df7-472f-83a3-ba18a8cdf0e4,Ind,New Zealand,nz,108893268942958,NewZeal Party,Facebook
e105be56-5892-4bad-ae6b-a37dc1c62863,Jeanette Wilson - Candidate For Whangaparaoa NZLoyal,2023-10-09T05:08:41.884Z,faf0c28f-80a7-41e3-ac47-1e3dcbe22bcd,Ind,New Zealand,nz,122103153902004078,Jeanette Wilson - Candidate For Whangaparaoa NZLoyal,Facebook
f6cabc8e-1fa7-40fe-a2e7-417a1e9439e5,Bill Burr,2023-10-11T05:08:27.376Z,574e6e2d-3e86-4f6a-92c9-bb2798a503eb,Ind,New Zealand,nz,138973699299486,Bill Burr,Facebook
033b0b66-48ec-4ee0-9d31-e944eadbf51c,Department of Conservation,2023-02-07T15:08:01.898Z,a6acad3c-24ac-43a1-b2fe-9c479fb14567,Gov,New Zealand,nz,408747529491004,Department of Conservation,Facebook
112a4a94-3992-49be-8586-6640a824ec9a,Whakatāne District Council,2023-04-01T10:54:53.255Z,0dacd2cb-264d-42c3-82a5-a21875c6288c,Gov,New Zealand,nz,118864618190585,Whakatāne District Council,Facebook
178bb199-d0aa-4c60-9dbf-9397460214c2,Dunedin City Council,2023-03-29T10:55:12.318Z,4efd6a11-c186-4564-be00-33c68e6f00c7,Gov,New Zealand,nz,127922087253478,Dunedin City Council,Facebook
25c2ae48-4426-4753-80a2-bf08fe9660c3,Auckland Council,2023-02-08T05:55:42.135Z,46494e85-77dc-4174-9640-2d6baacb145a,Gov,New Zealand,nz,150683774979628,Auckland Council,Facebook
286711be-96ce-4e34-a401-61e3215c73ca,Manawatū District Council,2023-04-16T15:07:19.468Z,99584380-1700-4bff-9a48-a2e1be379354,Gov,New Zealand,nz,1382593808665877,Manawatū District Council,Facebook
2acb7474-70ef-4fb4-8dfb-3f2426ed7d5d,Queenstown Lakes District Council,2023-03-29T10:55:12.397Z,bd019a2f-5f76-44e0-9021-3f325476fd4c,Gov,New Zealand,nz,109882599038063,Queenstown Lakes District Council,Facebook
2e9d3e88-560e-43ff-b2e1-e7ab71e0fa02,Mayor of Auckland,2023-02-14T10:55:07.096Z,94396f2e-a71a-4e50-b9c1-80a5386e0e7c,Gov,New Zealand,nz,102395906106072,Mayor of Auckland,Facebook
36a307b0-d76b-4dab-8a04-8cbbb5343aa5,Horowhenua District Council,2023-03-22T10:54:59.040Z,43aabf72-7b33-4e0e-ab16-3b724103fbd6,Gov,New Zealand,nz,269047933236930,Horowhenua District Council,Facebook
3b4e834e-59da-4957-b011-fce6b0694ac5,Kāpiti Coast District Council,2023-03-13T10:55:03.356Z,5a58ceca-1b42-4993-b7cd-b71106805579,Gov,New Zealand,nz,700679639984258,Kāpiti Coast District Council,Facebook
3b88dbc4-ddc0-4c2c-84b4-06ca6cc0e131,Selwyn District Council,2023-03-08T15:36:28.418Z,6ee8f20c-27c4-4641-883e-02370b442800,Gov,New Zealand,nz,117710158319269,Selwyn District Council,Facebook
3d83ec13-30db-46cd-a7ed-ff3f05779342,Tauranga City Council,2023-02-08T06:22:36.555Z,f31302f1-d578-4b4c-884b-9e99f5edcdc5,Gov,New Zealand,nz,600749256636478,Tauranga City Council,Facebook
43ee9110-9eac-4fb0-aac9-0f6b7264afb9,Hamilton City Council,2023-02-07T15:08:01.898Z,1e878f37-5fed-46d5-b7d8-a2acce75ad53,Gov,New Zealand,nz,117930708298273,Hamilton City Council,Facebook
4f586c1c-a9e7-450c-8156-5fac0df021ef,Rotorua Lakes Council,2023-03-08T14:47:30.587Z,f606c04e-54a5-4123-b1da-6d0402797ab0,Gov,New Zealand,nz,282174425155343,Rotorua Lakes Council,Facebook
5503b721-aa63-45f5-af0b-33cc1f858124,New Zealand Ministry of Defence,2023-02-14T10:55:07.174Z,acc500e7-09b5-43d8-a6a1-eed9d0ffb778,Gov,New Zealand,nz,101223689503435,New Zealand Ministry of Defence,Facebook
56c4cf45-a052-42b5-843a-eb0bb6899a7d,Waikato District Council,2023-02-07T15:08:01.936Z,3806c469-33cb-48bf-ac92-5e7874a6c41b,Gov,New Zealand,nz,197511563726276,Waikato District Council,Facebook
628403bb-6507-4a9e-a650-737ba6c4936f,Ashburton District Council,2023-02-24T10:55:06.103Z,3aea55fb-131e-4409-ae64-58832d5eb563,Gov,New Zealand,nz,201340000036663,Ashburton District Council,Facebook
67e41e55-7b9a-4db5-b30f-d85a22e84f30,Waipā District Council,2023-08-11T05:10:40.364Z,f48fa3cb-0a90-4316-8ff4-6df7bc919017,Gov,New Zealand,nz,179838952098668,Waipā District Council,Facebook
69afd817-782f-4f06-bb2f-d249777eb890,Nelson City Council,2023-03-08T16:47:35.057Z,b0eff78a-4e2c-4a24-a0f7-e1e2ca6a985c,Gov,New Zealand,nz,167649839918105,Nelson City Council,Facebook
6d0dd46b-fa35-4b62-b9d8-ca87d024355a,,2023-03-29T10:55:12.323Z,49eb7276-41d1-4f06-87a9-18e457624d98,Gov,New Zealand,nz,110853898609831,,Facebook
760c38bb-32dd-443a-916f-4a25b1e6f8e1,Napier City Council - Te Kaunihera o Ahuriri,2023-02-12T10:54:54.107Z,abd8be89-ed1f-4e3e-906d-9b1f0445b4d7,Gov,New Zealand,nz,116840435045124,Napier City Council - Te Kaunihera o Ahuriri,Facebook
7618cc27-18d8-49ee-b017-bb95a9b9c045,Western Bay of Plenty District Council,2023-04-07T10:55:10.950Z,2ca9eef8-d147-4189-810a-9c839ca0e19b,Gov,New Zealand,nz,203463489667720,Western Bay of Plenty District Council,Facebook
851aecc1-6ad2-484a-80ca-daa5b4c24007,Wellington City Council,2023-03-03T10:55:05.421Z,6ba7f3f1-d0ff-4b26-a432-044b0447824a,Gov,New Zealand,nz,182564675177680,Wellington City Council,Facebook
8a931c11-c0ef-4bfc-8cef-23f2e812b663,Hawke's Bay Regional Council,2023-02-10T10:55:09.371Z,ecba13b3-56ff-4954-a690-7d76286d0dfc,Gov,New Zealand,nz,148043358567215,Hawke's Bay Regional Council,Facebook
8ad682c3-945f-47e4-9e98-d41553cb65b8,Waimakariri District Council,2023-04-13T10:55:07.724Z,22589bd2-67df-4450-aa48-439edf7ace6c,Gov,New Zealand,nz,132906030113528,Waimakariri District Council,Facebook
922ecbfe-3721-40f4-a093-8713fd99bef2,Clutha District Council,2023-03-07T10:55:02.858Z,f11934c5-211c-490f-a6f6-78bc8170d352,Gov,New Zealand,nz,461291850553501,Clutha District Council,Facebook
9c623343-b567-4fd2-868f-b1c086030d23,Hastings District Council - Te Kaunihera ā-Rohe o Heretaunga,2023-02-07T15:08:01.949Z,15c6fef6-9ae5-4509-93fa-e465683e071e,Gov,New Zealand,nz,133699506679233,Hastings District Council - Te Kaunihera ā-Rohe o Heretaunga,Facebook
a28f42b5-8a50-4ecc-9717-8e5dfa67450a,TOP Candidate Naomi Pocock,2023-08-11T05:10:40.407Z,a700febf-503c-4dde-b59e-2ac837a4dd24,Gov,New Zealand,nz,102762347995497,TOP Candidate Naomi Pocock,Facebook
a6455df9-0457-4d97-84ec-03af68ee4d05,Electoral Commission NZ,2023-02-07T15:08:01.842Z,504db17f-96d7-476e-bf08-c02e6ff7b660,Gov,New Zealand,nz,173912362663564,Electoral Commission NZ,Facebook
a664b940-1583-4d8b-b019-4cb4617b109d,Bay of Plenty Regional Council,2023-04-10T10:54:36.975Z,1af9f368-ebc7-4fc4-869c-05decdc38db7,Gov,New Zealand,nz,148662045166231,Bay of Plenty Regional Council,Facebook
a92a5de2-eea8-4c12-b7ce-e17557c3255e,New Zealand Ministry of Foreign Affairs and Trade,2023-03-15T10:55:29.631Z,5ee29a41-9ae6-49e6-8d93-68723537f3fe,Gov,New Zealand,nz,125292411482862,New Zealand Ministry of Foreign Affairs and Trade,Facebook
c2041aaa-6d53-4c64-95f2-87493acaf692,Upper Hutt City Council,2023-02-07T15:08:01.992Z,c99a7668-8ea7-4d8f-9b59-c0a173d27c07,Gov,New Zealand,nz,276432155799136,Upper Hutt City Council,Facebook
ca482831-33ba-45c1-b45f-5d0fdf60bb6b,Christchurch City Council,2023-02-07T15:08:01.900Z,36631bee-1a6e-4e5e-9cd0-9fd12120b7fe,Gov,New Zealand,nz,189426624430626,Christchurch City Council,Facebook
d4cd9237-97e1-4411-a57f-a66d7fea929e,Palmerston North City Council,2023-03-24T10:55:13.252Z,30ff737b-0eda-41e5-b045-c25f2f78e5c7,Gov,New Zealand,nz,133758444883,Palmerston North City Council,Facebook
f26cf90f-620a-4b6b-988a-cf2c581d7ded,Ministry for Primary Industries,2023-02-27T10:55:08.165Z,3de94b93-a8d5-4622-bda7-249ca65bc203,Gov,New Zealand,nz,933406430074467,Ministry for Primary Industries,Facebook
f2f71c71-284b-4de8-b2ee-80140705a71c,"Ministry of Business, Innovation and Employment",2023-07-21T05:09:28.811Z,561f304e-eb61-466a-a96f-b847e3268c0b,Gov,New Zealand,nz,907976635895999,"Ministry of Business, Innovation and Employment",Facebook
fa1f4f0f-59bf-4844-a8b4-0de7ab0917eb,Invercargill City Council,2023-06-03T06:54:44.798Z,b4d0548b-7d47-4744-8f14-f28bb41561ce,Gov,New Zealand,nz,203603136318105,Invercargill City Council,Facebook
fa8b3b90-003a-4440-9e33-91ec5144cdc2,Ōtara-Papatoetoe Local Board,2023-04-14T08:50:21.858Z,b23fbde1-35d1-49f5-b1aa-af6caaef3557,Gov,New Zealand,nz,110444822368666,Ōtara-Papatoetoe Local Board,Facebook
fd6d9afe-0331-4c3a-b2ab-e62e883250c6,Otago Regional Council,2023-04-09T10:55:05.799Z,e67cee45-caa3-4dba-aaf8-38256733e443,Gov,New Zealand,nz,448287635297180,Otago Regional Council,Facebook
14524b9d-947e-4979-ac94-f4e8739a251d,Together We Can,2023-03-23T10:55:14.973Z,782bcfb2-50de-4e52-941f-1d776f29569d,Oth,New Zealand,nz,115351580162124,Together We Can,Facebook
156db18f-d3d7-4e4e-91a1-19face4b98fc,Better taxes for a Better Future,2023-08-17T05:08:04.225Z,7834aa5f-a0b9-4722-9727-755f124db58b,Oth,New Zealand,nz,110207052102147,Better taxes for a Better Future,Facebook
16b14f72-a4e8-430a-8f0e-846836fbda44,The New Zealand Initiative,2023-09-10T05:08:26.413Z,a0bd409d-8b6c-4fce-9bf2-d38ca813f396,Oth,New Zealand,nz,172825926167266,The New Zealand Initiative,Facebook
25c2c981-855b-4338-a23c-308dd3228e85,Focus on the Family New Zealand,2023-06-13T06:54:57.581Z,188c5f04-8b3e-47b6-8836-23ce134166a8,Oth,New Zealand,nz,162019810410,Focus on the Family New Zealand,Facebook
2f7e9508-496f-4b36-a819-53418804f0c1,Make it 16 NZ,2023-03-13T10:55:03.347Z,85366214-d26a-46f6-a3b3-9afebab79aec,Oth,New Zealand,nz,100870587966075,Make it 16 NZ,Facebook
36897374-77b5-42ba-a3a2-c23cfae013e0,The Common Room NZ,2023-02-07T15:08:01.877Z,8ee2337d-6757-4a83-b445-c457c66e2576,Oth,New Zealand,nz,110909661534199,The Common Room NZ,Facebook
3848a14b-927e-492e-8dab-12c64bd4b817,Auckland Ratepayers' Alliance,2023-03-22T10:54:58.975Z,be3246da-2aed-4b12-b3b6-db640b1d79c4,Oth,New Zealand,nz,1387513934903706,Auckland Ratepayers' Alliance,Facebook
3ece3b97-3d49-4fd8-8f58-19d212867c79,Politicallycorrectednz,2023-03-08T19:27:11.075Z,0844d42d-6c31-481c-bdda-601db26821c7,Oth,New Zealand,nz,444620049018192,Politicallycorrectednz,Facebook
40639a89-f9eb-4212-ae6d-337175d6fc5c,Free Speech Union,2023-02-14T10:55:07.147Z,a02e4a46-d38c-4d7f-89c5-a1247855c38c,Oth,New Zealand,nz,689146908145006,Free Speech Union,Facebook
46c67962-3362-4c2a-bc51-f49a7e46ef7f,Voice For Life,2023-03-04T10:55:13.312Z,6bee7fa2-839b-4958-bb98-56294d5be8c5,Oth,New Zealand,nz,203953359629611,Voice For Life,Facebook
4b3684be-2e4e-4029-b650-7e573ea0e059,New Zealand Taxpayers' Union,2023-02-07T15:08:01.842Z,5314880c-ba06-48ec-bfb9-b211608d2759,Oth,New Zealand,nz,424806334290059,New Zealand Taxpayers' Union,Facebook
552addaf-16c7-4f26-878c-7d115ac7c3d0,It's in the Ballot,2023-06-23T05:18:20.952Z,44d79d23-f1cd-4ec6-875e-4ee723593d07,Oth,New Zealand,nz,101834344920077,It's in the Ballot,Facebook
58858f8a-d51a-4b93-8dbe-2192fb7ace36,Organise Aotearoa,2023-06-16T09:34:52.942Z,21aac270-d949-45ec-82a7-dc1466c33f7e,Oth,New Zealand,nz,2183475858532607,Organise Aotearoa,Facebook
5bfdbfdd-6afb-44dd-8c8e-70e9776b9a25,Manurewa-Papakura Action Team,2023-08-01T05:09:14.907Z,c094aff7-fed8-4f88-aa74-dee6742c528a,Oth,New Zealand,nz,216990865348,Manurewa-Papakura Action Team,Facebook
5d087753-3a26-4888-b023-fd1c079179a6,We Belong Aotearoa,2023-07-17T06:33:34.679Z,bfc57de1-3d8d-4aab-b754-04285c5ef692,Oth,New Zealand,nz,111821841973226,We Belong Aotearoa,Facebook
68a57171-b2c6-4287-a196-c6f550716ff0,The Helen Clark Foundation,2023-08-11T05:10:40.423Z,bbaad083-ec00-4d9f-8629-a5e7f8200177,Oth,New Zealand,nz,622796164839758,The Helen Clark Foundation,Facebook
71ed65cd-201c-4cb5-be34-3e811f86dc63,Vote for Better,2023-09-12T05:07:59.427Z,845931ad-354e-466c-9c8b-c06b7acbbe93,Oth,New Zealand,nz,114797705007774,Vote for Better,Facebook
7f6c6dfe-34f3-4f7a-9a98-7781dfbfe71e,Democracy Action,2023-06-05T06:54:59.303Z,bd92f796-1734-493d-9635-1319f6639851,Oth,New Zealand,nz,146579792170296,Democracy Action,Facebook
8abcfc36-5a5f-4554-a4e1-b2f96e700fab,Both Sides Now,2023-02-07T15:08:01.945Z,8064e0af-0e23-43d8-922d-80c7202f1541,Oth,New Zealand,nz,103565732543787,Both Sides Now,Facebook
8c2c3b5b-7b12-409b-b74b-f3fe0df4c88c,Republic Aotearoa,2023-03-23T10:55:14.964Z,611c84c5-987d-4b23-91b2-d924d411e004,Oth,New Zealand,nz,113921171613404,Republic Aotearoa,Facebook
9bba5844-7f71-4428-b826-f6cfbf89e80a,Stop Co-Governance,2023-02-08T05:55:42.198Z,bc519837-85d0-414b-a374-898fe730e73f,Oth,New Zealand,nz,109980308618348,Stop Co-Governance,Facebook
9f07d7c1-4b3b-4e28-b7f9-77750b1232fd,Vision New Zealand,2023-08-18T05:08:49.843Z,cfaa84ea-952d-46d4-b066-c3c800d34e92,Oth,New Zealand,nz,114619669912619,Vision New Zealand,Facebook
a0fa0c57-954b-4b74-8932-32bc22d1baed,PoliticAll-NZ,2023-08-19T05:09:12.981Z,3db95a86-aefe-42bd-8f41-9ccd6b8fb1ad,Oth,New Zealand,nz,100554583133970,PoliticAll-NZ,Facebook
a957ec5f-7010-4711-9c05-df06527d17aa,Sir Mr. Burns KNZM and the Young Nats,2023-09-22T05:08:31.097Z,a14fcbab-5295-4d94-9cc3-6dca2fb2e4f0,Oth,New Zealand,nz,975746672505630,Sir Mr. Burns KNZM and the Young Nats,Facebook
acba8c78-3b70-4888-b7d5-0fe5e5f169a7,Family First New Zealand,2023-02-07T15:08:01.847Z,4d415d5a-a7f1-4eaa-ac8c-bdf727b09f0a,Oth,New Zealand,nz,165702023478421,Family First New Zealand,Facebook
e7863200-e54a-4ac3-a51d-ebc85312c346,The Real Marc Spring,2023-05-12T06:54:38.948Z,52244042-6d27-4821-9e32-d3acf1671841,Oth,New Zealand,nz,102545246027646,The Real Marc Spring,Facebook
eab2209e-aa69-46b1-92f9-adcbc1df75f9,Fridays for Future Tāmaki Makaurau,2023-05-23T06:55:09.996Z,9486dd75-3f9f-4922-97b5-504d2691d6dd,Oth,New Zealand,nz,100171345951023,Fridays for Future Tāmaki Makaurau,Facebook
f80df36c-1dc2-4ee8-88b3-f6f960c60966,Socialist Equality Group - New Zealand,2023-02-07T15:08:01.898Z,3a8d8366-3537-4472-92cc-cc5e215a4557,Oth,New Zealand,nz,205639639594736,Socialist Equality Group - New Zealand,Facebook
7839280d-47b6-4d8c-be02-c228d2e0a46b,Casey Costello,2023-08-19T05:09:13.053Z,a4ad9448-197e-4e61-8309-911f9e73114f,NZF,New Zealand,nz,115008921666044,Casey Costello,Facebook
7baa8525-d309-44b6-821c-3d1789e9a706,New Zealand First,2023-09-12T05:07:59.593Z,5b088b9d-5976-491d-aeab-0194be78c515,NZF,New Zealand,nz,564979796890947,New Zealand First,Facebook
8d7d6e98-a32a-4d10-ac7f-da6d21ac3390,"Gavin Benney ""Sarge""",2023-08-07T05:09:25.308Z,e54e970f-d1be-4cdc-8cdd-9638de75df76,NZF,New Zealand,nz,1503413439739158,"Gavin Benney ""Sarge""",Facebook
9327042e-6ca8-4ff1-8aea-2ad33c012fe2,Winston Peters,2023-09-28T05:08:25.372Z,09c082df-7b57-41b4-8955-19572413813c,NZF,New Zealand,nz,155656867793782,Winston Peters,Facebook
96eb222b-c6e4-4bec-ba93-f2ca37103a8f,Stu Husband,2023-09-07T05:08:03.208Z,2ddd1cd5-3e3b-47fc-a6ab-288956401206,NZF,New Zealand,nz,112039021979446,Stu Husband,Facebook
